<?xml version="1.0" encoding="UTF-8"?>
<beans xmlns="http://www.springframework.org/schema/beans"
    xmlns:xsi="http://www.w3.org/2001/XMLSchema-instance"
    xsi:schemaLocation="
        http://www.springframework.org/schema/beans http://www.springframework.org/schema/beans/spring-beans.xsd">

    <bean id="alien" class="com.newer.SpringCoreDemo.Alien">
		<property name="id" value="10"/>
		<property name="human" ref="ppl" />
		
    </bean>
    
    
    <bean id="ppl" class="com.newer.SpringCoreDemo.Human">
  		<property name="name" value="XYZ"/>
  		<property name="add"  value="Anywhere street" />
    </bean>
    
    <bean id="laptop" class="com.newer.SpringCoreDemo.Laptop">
    
    </bean>

</beans>